,identifier,id,smiles
0,Br/C=C\Br,0,Br/C=C\Br
1,BrBr,1,BrBr
2,BrC(Br)Br,2,BrC(Br)Br
3,BrC(Br)C(Br)Br,3,BrC(Br)C(Br)Br
4,BrCBr,4,BrCBr
5,BrCCBr,5,BrCCBr
6,BrCCCBr,6,BrCCCBr
7,C#CCCCCCC,7,C#CCCCCCC
8,C#CCO,8,C#CCO
9,C#N,9,C#N
10,C/C=C/C=O,10,C/C=C/C=O
11,C/C=C/c1ccc(O)c(OC)c1,11,C/C=C/c1ccc(O)c(OC)c1
12,C/C=C\CC,12,C/C=C\CC
13,C1=CC2C3C=CC(C3)C2C1,13,C1=CC2C3C=CC(C3)C2C1
14,C1=CC=CC=CC=C1,14,C1=CC=CC=CC=C1
15,C1=CCCCC1,15,C1=CCCCC1
16,C1=CCCCCC1,16,C1=CCCCCC1
17,C1=Cc2ccccc2C1,17,C1=Cc2ccccc2C1
18,C1CCC2CCCCC2C1,18,C1CCC2CCCCC2C1
19,C1CCCC1,19,C1CCCC1
20,C1CCCCC1,20,C1CCCCC1
21,C1CCCCCC1,21,C1CCCCCC1
22,C1CCCCCCC1,22,C1CCCCCCC1
23,C1CCOC1,23,C1CCOC1
24,C1CCOCC1,24,C1CCOCC1
25,C1CC[C@H]2CCCC[C@@H]2C1,25,C1CC[C@H]2CCCC[C@@H]2C1
26,C1CC[C@H]2CCCC[C@H]2C1,26,C1CC[C@H]2CCCC[C@H]2C1
27,C1CO1,27,C1CO1
28,C1COCCN1,28,C1COCCN1
29,C1COCCO1,29,C1COCCO1
30,C1COCO1,30,C1COCO1
31,C1CSC1,31,C1CSC1
32,C=C(C)C#N,32,C=C(C)C#N
33,C=C(C)C(=C)C,33,C=C(C)C(=C)C
34,C=C(C)C(=O)O,34,C=C(C)C(=O)O
35,C=C(C)C(=O)OC1CCCCC1,35,C=C(C)C(=O)OC1CCCCC1
36,C=C(C)C(=O)OCC(C)C,36,C=C(C)C(=O)OCC(C)C
37,C=C(C)C(=O)OCC1CO1,37,C=C(C)C(=O)OCC1CO1
38,C=C(C)C(=O)OCCCC,38,C=C(C)C(=O)OCCCC
39,C=C(C)C(=O)OCCN(C)C,39,C=C(C)C(=O)OCCN(C)C
40,C=C(C)C=O,40,C=C(C)C=O
41,C=C(C)c1ccccc1,41,C=C(C)c1ccccc1
42,C=C1CCC2CC1C2(C)C,42,C=C1CCC2CC1C2(C)C
43,C=C=C,43,C=C=C
44,C=CC#N,44,C=CC#N
45,C=CC(=C)C,45,C=CC(=C)C
46,C=CC(=O)OC,46,C=CC(=O)OC
47,C=CC(=O)OCC(C)C,47,C=CC(=O)OCC(C)C
48,C=CC(=O)OCCCC,48,C=CC(=O)OCCCC
49,C=CC(C)(O)CCC=C(C)C,49,C=CC(C)(O)CCC=C(C)C
50,C=CC(C)=O,50,C=CC(C)=O
51,C=CC(N)=O,51,C=CC(N)=O
52,C=CC=C,52,C=CC=C
53,C=CC=O,53,C=CC=O
54,C=CCBr,54,C=CCBr
55,C=CCC(=O)O,55,C=CCC(=O)O
56,C=CCCC=C,56,C=CCCC=C
57,C=CCCCCCC,57,C=CCCCCCC
58,C=CCCCCCCC,58,C=CCCCCCCC
59,C=CCCCCCCCC,59,C=CCCCCCCCC
60,C=CCCCCCCCCC,60,C=CCCCCCCCCC
61,C=CCCCCCCCCCC,61,C=CCCCCCCCCCC
62,C=CCCCCCCCCCCCC,62,C=CCCCCCCCCCCCC
63,C=CCCCCCCCCCCCCC,63,C=CCCCCCCCCCCCCC
64,C=CCCCCCCCCCCCCCCC,64,C=CCCCCCCCCCCCCCCC
65,C=CCCCCCCCCCCCCCCCCC,65,C=CCCCCCCCCCCCCCCCCC
66,C=CCCCCCCCCCCCCCCCCCC,66,C=CCCCCCCCCCCCCCCCCCC
67,C=CCI,67,C=CCI
68,C=CCNc1ccccc1,68,C=CCNc1ccccc1
69,C=CCO,69,C=CCO
70,C=CCOC(=O)/C=C\C(=O)OCC=C,70,C=CCOC(=O)/C=C\C(=O)OCC=C
71,C=CCOC(=O)Cl,71,C=CCOC(=O)Cl
72,C=CCOC(=O)c1ccccc1C(=O)OCC=C,72,C=CCOC(=O)c1ccccc1C(=O)OCC=C
73,C=CCOC(C)=O,73,C=CCOC(C)=O
74,C=CCSC#N,74,C=CCSC#N
75,C=CCc1ccc(O)c(OC)c1,75,C=CCc1ccc(O)c(OC)c1
76,C=CCc1ccc2c(c1)OCO2,76,C=CCc1ccc2c(c1)OCO2
77,C=CCl,77,C=CCl
78,C=CN1CCCC1=O,78,C=CN1CCCC1=O
79,C=COC(C)=O,79,C=COC(C)=O
80,C=Cc1ccccn1,80,C=Cc1ccccn1
81,C=O,81,C=O
82,CBr,82,CBr
83,CC#N,83,CC#N
84,CC(=O)C(C)(C)C,84,CC(=O)C(C)(C)C
85,CC(=O)CC(C)(C)O,85,CC(=O)CC(C)(C)O
86,CC(=O)CC(C)=O,86,CC(=O)CC(C)=O
87,CC(=O)CC(C)C,87,CC(=O)CC(C)C
88,CC(=O)N(C)C,88,CC(=O)N(C)C
89,CC(=O)Nc1ccccc1,89,CC(=O)Nc1ccccc1
90,CC(=O)O,90,CC(=O)O
91,CC(=O)OC(C)(C)C,91,CC(=O)OC(C)(C)C
92,CC(=O)OC(C)=O,92,CC(=O)OC(C)=O
93,CC(=O)OC(C)C,93,CC(=O)OC(C)C
94,CC(=O)OC(C)CC(C)C,94,CC(=O)OC(C)CC(C)C
95,CC(=O)OC1CCCCC1,95,CC(=O)OC1CCCCC1
96,CC(=O)OCC(COC(C)=O)OC(C)=O,96,CC(=O)OCC(COC(C)=O)OC(C)=O
97,CC(=O)OCCC(C)C,97,CC(=O)OCCC(C)C
98,CC(=O)OCc1ccccc1,98,CC(=O)OCc1ccccc1
99,CC(=O)OO,99,CC(=O)OO
100,CC(Br)CBr,100,CC(Br)CBr
101,CC(C)(C)C,101,CC(C)(C)C
102,CC(C)(C)CC(C)(C)C,102,CC(C)(C)CC(C)(C)C
103,CC(C)(C)CO,103,CC(C)(C)CO
104,CC(C)(C)Cl,104,CC(C)(C)Cl
105,CC(C)(C)c1ccc(O)cc1,105,CC(C)(C)c1ccc(O)cc1
106,CC(C)(CO)COC(=O)C(C)(C)CO,106,CC(C)(CO)COC(=O)C(C)(C)CO
107,CC(C)(Cl)Cl,107,CC(C)(Cl)Cl
108,CC(C)(O)C(F)(F)F,108,CC(C)(O)C(F)(F)F
109,CC(C)=CC(=O)C=C(C)C,109,CC(C)=CC(=O)C=C(C)C
110,CC(C)=CCCC(C)=CCCC(C)=CCCC=C(C)CCC=C(C)CCC=C(C)C,110,CC(C)=CCCC(C)=CCCC(C)=CCCC=C(C)CCC=C(C)CCC=C(C)C
111,CC(C)=CCCC(C)CCO,111,CC(C)=CCCC(C)CCO
112,CC(C)C,112,CC(C)C
113,CC(C)C(=O)O,113,CC(C)C(=O)O
114,CC(C)C(C)(C)C,114,CC(C)C(C)(C)C
115,CC(C)C(C)C,115,CC(C)C(C)C
116,CC(C)C(C)O,116,CC(C)C(C)O
117,CC(C)C1CCCC1,117,CC(C)C1CCCC1
118,CC(C)C1CCCCC1,118,CC(C)C1CCCCC1
119,CC(C)C=O,119,CC(C)C=O
120,CC(C)CBr,120,CC(C)CBr
121,CC(C)CC(=O)CC(C)C,121,CC(C)CC(=O)CC(C)C
122,CC(C)CC(=O)O,122,CC(C)CC(=O)O
123,CC(C)CC(C)C,123,CC(C)CC(C)C
124,CC(C)CC(C)O,124,CC(C)CC(C)O
125,CC(C)CC1CCCC1,125,CC(C)CC1CCCC1
126,CC(C)CC=O,126,CC(C)CC=O
127,CC(C)CCC#N,127,CC(C)CCC#N
128,CC(C)CCC(C)C,128,CC(C)CCC(C)C
129,CC(C)CCCC(C)CCCC(C)CCCC(C)C,129,CC(C)CCCC(C)CCCC(C)CCCC(C)C
130,CC(C)CCCC(C)CCCC(C)CCCCC(C)CCCC(C)CCCC(C)C,130,CC(C)CCCC(C)CCCC(C)CCCCC(C)CCCC(C)CCCC(C)C
131,CC(C)CCCCC(C)C,131,CC(C)CCCCC(C)C
132,CC(C)CCCCCCCOC(=O)c1ccccc1C(=O)OCCCCCCCC(C)C,132,CC(C)CCCCCCCOC(=O)c1ccccc1C(=O)OCCCCCCCC(C)C
133,CC(C)CCCCCCOC(=O)c1ccccc1C(=O)OCCCCCCC(C)C,133,CC(C)CCCCCCOC(=O)c1ccccc1C(=O)OCCCCCCC(C)C
134,CC(C)CCCCCO,134,CC(C)CCCCCO
135,CC(C)CCN,135,CC(C)CCN
136,CC(C)CCNc1ccccc1,136,CC(C)CCNc1ccccc1
137,CC(C)CCOC(=O)CCCCCCCCC(=O)OCCC(C)C,137,CC(C)CCOC(=O)CCCCCCCCC(=O)OCCC(C)C
138,CC(C)CCOC=O,138,CC(C)CCOC=O
139,CC(C)CCOCCC(C)C,139,CC(C)CCOCCC(C)C
140,CC(C)CCl,140,CC(C)CCl
141,CC(C)CI,141,CC(C)CI
142,CC(C)CO,142,CC(C)CO
143,CC(C)COCC(C)C,143,CC(C)COCC(C)C
144,CC(C)O,144,CC(C)O
145,CC(C)OC(C)C,145,CC(C)OC(C)C
146,CC(C)OC(C)COC(C)COC(C)CO,146,CC(C)OC(C)COC(C)COC(C)CO
147,CC(C)OC=O,147,CC(C)OC=O
148,CC(C)[C@@H]1CC[C@@H](C)C[C@H]1O,148,CC(C)[C@@H]1CC[C@@H](C)C[C@H]1O
149,CC(C)c1ccccc1,149,CC(C)c1ccccc1
150,CC(CC=O)CC(C)(C)C,150,CC(CC=O)CC(C)(C)C
151,CC(CCl)OC(C)CCl,151,CC(CCl)OC(C)CCl
152,CC(Cl)(Cl)Cl,152,CC(Cl)(Cl)Cl
153,CC(Cl)CCl,153,CC(Cl)CCl
154,CC(Cl)Cl,154,CC(Cl)Cl
155,CC(F)(F)Cl,155,CC(F)(F)Cl
156,CC(F)Cl,156,CC(F)Cl
157,CC(N)=O,157,CC(N)=O
158,CC(O)C#N,158,CC(O)C#N
159,CC(O)C(F)(F)F,159,CC(O)C(F)(F)F
160,CC(O)CNCC(C)O,160,CC(O)CNCC(C)O
161,CC(O)CO,161,CC(O)CO
162,CC(O)COC(C)(C)C,162,CC(O)COC(C)(C)C
163,CC(O)COc1ccccc1,163,CC(O)COc1ccccc1
164,CC(O)SC(C)O,164,CC(O)SC(C)O
165,CC12CCC(CC1)C(C)(C)O2,165,CC12CCC(CC1)C(C)(C)O2
166,CC1=CC(=O)CC(C)(C)C1,166,CC1=CC(=O)CC(C)(C)C1
167,CC1=CCC2CC1C2(C)C,167,CC1=CCC2CC1C2(C)C
168,CC1=CCCCC1,168,CC1=CCCCC1
169,CC1CC(C)CC(C)C1,169,CC1CC(C)CC(C)C1
170,CC1CCC(C(C)C)C(=O)C1,170,CC1CCC(C(C)C)C(=O)C1
171,CC1CCCCC1,171,CC1CCCCC1
172,CC1CCCCC1=O,172,CC1CCCCC1=O
173,CC1CCCCC1C,173,CC1CCCCC1C
174,CC1CCCCC1O,174,CC1CCCCC1O
175,CC1CCCO1,175,CC1CCCO1
176,CC1CO1,176,CC1CO1
177,CC1COC(=O)O1,177,CC1COC(=O)O1
178,CC1OC(C)OC(C)O1,178,CC1OC(C)OC(C)O1
179,CC=O,179,CC=O
180,CCBr,180,CCBr
181,CCC,181,CCC
182,CCC#N,182,CCC#N
183,CCC(=O)CC,183,CCC(=O)CC
184,CCC(=O)NC,184,CCC(=O)NC
185,CCC(=O)O,185,CCC(=O)O
186,CCC(=O)OC,186,CCC(=O)OC
187,CCC(=O)OC(=O)CC,187,CCC(=O)OC(=O)CC
188,CCC(=O)OCC(C)C,188,CCC(=O)OCC(C)C
189,CCC(=O)OCC(COC(=O)CC)OC(=O)CC,189,CCC(=O)OCC(COC(=O)CC)OC(=O)CC
190,CCC(C)(C)C(C)C,190,CCC(C)(C)C(C)C
191,CCC(C)=O,191,CCC(C)=O
192,CCC(C)C,192,CCC(C)C
193,CCC(C)C(=O)O,193,CCC(C)C(=O)O
194,CCC(C)C(C)C,194,CCC(C)C(C)C
195,CCC(C)CC,195,CCC(C)CC
196,CCC(C)CCO,196,CCC(C)CCO
197,CCC(C)COC(C)=O,197,CCC(C)COC(C)=O
198,CCC(C)O,198,CCC(C)O
199,CCC(C)OC(C)=O,199,CCC(C)OC(C)=O
200,CCC(CC)C(=O)O,200,CCC(CC)C(=O)O
201,CCC(CC)C(=O)OCCOCCOCCOC(=O)C(CC)CC,201,CCC(CC)C(=O)OCCOCCOCCOC(=O)C(CC)CC
202,CCC(CC)CO,202,CCC(CC)CO
203,CCC(CC)OC(=O)CCCCCCCC(=O)OC(CC)CC,203,CCC(CC)OC(=O)CCCCCCCC(=O)OC(CC)CC
204,CCC(O)(CC)CC,204,CCC(O)(CC)CC
205,CCC(O)C(C)C,205,CCC(O)C(C)C
206,CCC(O)CC,206,CCC(O)CC
207,CCC1CCCCC1,207,CCC1CCCCC1
208,CCC1CO1,208,CCC1CO1
209,CCC=C(C)[N+](=O)[O-],209,CCC=C(C)[N+](=O)[O-]
210,CCC=O,210,CCC=O
211,CCCBr,211,CCCBr
212,CCCC#N,212,CCCC#N
213,CCCC(=O)CCC,213,CCCC(=O)CCC
214,CCCC(=O)OC,214,CCCC(=O)OC
215,CCCC(=O)OC(=O)CCC,215,CCCC(=O)OC(=O)CCC
216,CCCC(=O)OCC,216,CCCC(=O)OCC
217,CCCC(=O)OCC(COC(=O)CCC)OC(=O)CCC,217,CCCC(=O)OCC(COC(=O)CCC)OC(=O)CCC
218,CCCC(C(C)=O)C(=O)OCC,218,CCCC(C(C)=O)C(=O)OCC
219,CCCC(C)(C)C,219,CCCC(C)(C)C
220,CCCC(C)=O,220,CCCC(C)=O
221,CCCC(C)C,221,CCCC(C)C
222,CCCC(C)C=O,222,CCCC(C)C=O
223,CCCC(C)CC(C)(C)C,223,CCCC(C)CC(C)(C)C
224,CCCC(C)O,224,CCCC(C)O
225,CCCC(CC)CC,225,CCCC(CC)CC
226,CCCC(O)CC,226,CCCC(O)CC
227,CCCC1CCCC1,227,CCCC1CCCC1
228,CCCC1CCCCC1,228,CCCC1CCCCC1
229,CCCC=C(C)[N+](=O)[O-],229,CCCC=C(C)[N+](=O)[O-]
230,CCCC=O,230,CCCC=O
231,CCCCC,231,CCCCC
232,CCCCC(=O)CC,232,CCCCC(=O)CC
233,CCCCC(=O)O,233,CCCCC(=O)O
234,CCCCC(=O)OC,234,CCCCC(=O)OC
235,CCCCC(=O)OCC(C)C,235,CCCCC(=O)OCC(C)C
236,CCCCC(C)(C)C,236,CCCCC(C)(C)C
237,CCCCC(C)=O,237,CCCCC(C)=O
238,CCCCC(C)C,238,CCCCC(C)C
239,CCCCC(C)CC(C)CC(C)C,239,CCCCC(C)CC(C)CC(C)C
240,CCCCC(C)O,240,CCCCC(C)O
241,CCCCC(C=O)CC,241,CCCCC(C=O)CC
242,CCCCC(CC)CO,242,CCCCC(CC)CO
243,CCCCC(CC)COC(=O)CCCCC(=O)OCC(CC)CCCC,243,CCCCC(CC)COC(=O)CCCCC(=O)OCC(CC)CCCC
244,CCCCC(CC)COC(=O)CCCCCCCCC(=O)OCC(CC)CCCC,244,CCCCC(CC)COC(=O)CCCCCCCCC(=O)OCC(CC)CCCC
245,CCCCC(CC)COC(=O)c1ccccc1C(=O)OCC(CC)CCCC,245,CCCCC(CC)COC(=O)c1ccccc1C(=O)OCC(CC)CCCC
246,CCCCC(O)CC,246,CCCCC(O)CC
247,CCCCC=O,247,CCCCC=O
248,CCCCCC,248,CCCCCC
249,CCCCCC#N,249,CCCCCC#N
250,CCCCCC(=O)O,250,CCCCCC(=O)O
251,CCCCCC(=O)OC,251,CCCCCC(=O)OC
252,CCCCCC(=O)OCC,252,CCCCCC(=O)OCC
253,CCCCCC(=O)OCC(COC(=O)CCCCC)OC(=O)CCCCC,253,CCCCCC(=O)OCC(COC(=O)CCCCC)OC(=O)CCCCC
254,CCCCCC(C)=O,254,CCCCCC(C)=O
255,CCCCCC(C)C,255,CCCCCC(C)C
256,CCCCCCBr,256,CCCCCCBr
257,CCCCCCC(=O)O,257,CCCCCCC(=O)O
258,CCCCCCC(=O)OC,258,CCCCCCC(=O)OC
259,CCCCCCC(=O)OC(C)CCCCCC,259,CCCCCCC(=O)OC(C)CCCCCC
260,CCCCCCC(=O)OCC,260,CCCCCCC(=O)OCC
261,CCCCCCC(C)=O,261,CCCCCCC(C)=O
262,CCCCCCC(C)C,262,CCCCCCC(C)C
263,CCCCCCC(C)CC(C)CC(C)C,263,CCCCCCC(C)CC(C)CC(C)C
264,CCCCCCC(C)O,264,CCCCCCC(C)O
265,CCCCCCC1CCCC1,265,CCCCCCC1CCCC1
266,CCCCCCC=O,266,CCCCCCC=O
267,CCCCCCCBr,267,CCCCCCCBr
268,CCCCCCCC,268,CCCCCCCC
269,CCCCCCCC#N,269,CCCCCCCC#N
270,CCCCCCCC(=O)OC(C)CCCCCC,270,CCCCCCCC(=O)OC(C)CCCCCC
271,CCCCCCCC(=O)OCC,271,CCCCCCCC(=O)OCC
272,CCCCCCCC(=O)OCC(COC(=O)CCCCCCC)OC(=O)CCCCCCC,272,CCCCCCCC(=O)OCC(COC(=O)CCCCCCC)OC(=O)CCCCCCC
273,CCCCCCCC(CCCCC)C1CCCCC1,273,CCCCCCCC(CCCCC)C1CCCCC1
274,CCCCCCCC/C=C/CCCCCCCC(=O)OCC,274,CCCCCCCC/C=C/CCCCCCCC(=O)OCC
275,CCCCCCCC/C=C\CCCCCCCC(=O)OC,275,CCCCCCCC/C=C\CCCCCCCC(=O)OC
276,CCCCCCCC1CCCC1,276,CCCCCCCC1CCCC1
277,CCCCCCCCBr,277,CCCCCCCCBr
278,CCCCCCCCC,278,CCCCCCCCC
279,CCCCCCCCC(=O)O,279,CCCCCCCCC(=O)O
280,CCCCCCCCC(=O)OC,280,CCCCCCCCC(=O)OC
281,CCCCCCCCC(=O)OC(C)CCCCC,281,CCCCCCCCC(=O)OC(C)CCCCC
282,CCCCCCCCC(=O)OCC,282,CCCCCCCCC(=O)OCC
283,CCCCCCCCC1CCCCC1,283,CCCCCCCCC1CCCCC1
284,CCCCCCCCCBr,284,CCCCCCCCCBr
285,CCCCCCCCCC,285,CCCCCCCCCC
286,CCCCCCCCCC(=O)OC,286,CCCCCCCCCC(=O)OC
287,CCCCCCCCCC(=O)OCC,287,CCCCCCCCCC(=O)OCC
288,CCCCCCCCCC(C)=O,288,CCCCCCCCCC(C)=O
289,CCCCCCCCCC(C)C,289,CCCCCCCCCC(C)C
290,CCCCCCCCCC(C)CC(C)CC(C)C,290,CCCCCCCCCC(C)CC(C)CC(C)C
291,CCCCCCCCCC(C)O,291,CCCCCCCCCC(C)O
292,CCCCCCCCCC(C)OC(=O)CCC,292,CCCCCCCCCC(C)OC(=O)CCC
293,CCCCCCCCCC(C)OC(=O)CCCC,293,CCCCCCCCCC(C)OC(=O)CCCC
294,CCCCCCCCCC(C)OC(=O)CCCCCC,294,CCCCCCCCCC(C)OC(=O)CCCCCC
295,CCCCCCCCCCC,295,CCCCCCCCCCC
296,CCCCCCCCCCC(=O)O,296,CCCCCCCCCCC(=O)O
297,CCCCCCCCCCC(=O)OC(C)CCCCC,297,CCCCCCCCCCC(=O)OC(C)CCCCC
298,CCCCCCCCCCC(=O)OC(C)CCCCCC,298,CCCCCCCCCCC(=O)OC(C)CCCCCC
299,CCCCCCCCCCCC(=O)OC(C)CCCC,299,CCCCCCCCCCCC(=O)OC(C)CCCC
300,CCCCCCCCCCCC(=O)OC(C)CCCCC,300,CCCCCCCCCCCC(=O)OC(C)CCCCC
301,CCCCCCCCCCCC(=O)OC(C)CCCCCCCC,301,CCCCCCCCCCCC(=O)OC(C)CCCCCCCC
302,CCCCCCCCCCCC(C)C,302,CCCCCCCCCCCC(C)C
303,CCCCCCCCCCCC1CCCC1,303,CCCCCCCCCCCC1CCCC1
304,CCCCCCCCCCCC1CCCCC1,304,CCCCCCCCCCCC1CCCCC1
305,CCCCCCCCCCCCC1CCCC1,305,CCCCCCCCCCCCC1CCCC1
306,CCCCCCCCCCCCC1CCCCC1,306,CCCCCCCCCCCCC1CCCCC1
307,CCCCCCCCCCCCCC,307,CCCCCCCCCCCCCC
308,CCCCCCCCCCCCCC(=O)O,308,CCCCCCCCCCCCCC(=O)O
309,CCCCCCCCCCCCCC(=O)OC,309,CCCCCCCCCCCCCC(=O)OC
310,CCCCCCCCCCCCCC(=O)OC(C)CCCCC,310,CCCCCCCCCCCCCC(=O)OC(C)CCCCC
311,CCCCCCCCCCCCCC1CCCC1,311,CCCCCCCCCCCCCC1CCCC1
312,CCCCCCCCCCCCCC1CCCCC1,312,CCCCCCCCCCCCCC1CCCCC1
313,CCCCCCCCCCCCCCC,313,CCCCCCCCCCCCCCC
314,CCCCCCCCCCCCCCCC,314,CCCCCCCCCCCCCCCC
315,CCCCCCCCCCCCCCCC(=O)O,315,CCCCCCCCCCCCCCCC(=O)O
316,CCCCCCCCCCCCCCCC(=O)OC,316,CCCCCCCCCCCCCCCC(=O)OC
317,CCCCCCCCCCCCCCCC1CCCC1,317,CCCCCCCCCCCCCCCC1CCCC1
318,CCCCCCCCCCCCCCCCC,318,CCCCCCCCCCCCCCCCC
319,CCCCCCCCCCCCCCCCCC(=O)O,319,CCCCCCCCCCCCCCCCCC(=O)O
320,CCCCCCCCCCCCCCCCCC(=O)OC,320,CCCCCCCCCCCCCCCCCC(=O)OC
321,CCCCCCCCCCCCCCCCCC(=O)OCC,321,CCCCCCCCCCCCCCCCCC(=O)OCC
322,CCCCCCCCCCCCCCCCCC(=O)OCCCC,322,CCCCCCCCCCCCCCCCCC(=O)OCCCC
323,CCCCCCCCCCCCCCCCCCC,323,CCCCCCCCCCCCCCCCCCC
324,CCCCCCCCCCCCCCCCCCCC,324,CCCCCCCCCCCCCCCCCCCC
325,CCCCCCCCCCCCCCCCCCCCC,325,CCCCCCCCCCCCCCCCCCCCC
326,CCCCCCCCCCCCCCCCCCCCCC,326,CCCCCCCCCCCCCCCCCCCCCC
327,CCCCCCCCCCCCCCCCCCCCCCC,327,CCCCCCCCCCCCCCCCCCCCCCC
328,CCCCCCCCCCCCCCCCCCCCCCCCCC,328,CCCCCCCCCCCCCCCCCCCCCCCCCC
329,CCCCCCCCCCCCCCCCCCCCCCCCCCCCCC,329,CCCCCCCCCCCCCCCCCCCCCCCCCCCCCC
330,CCCCCCCCCCCCCCCCc1ccccc1,330,CCCCCCCCCCCCCCCCc1ccccc1
331,CCCCCCCCCCCCCc1ccccc1,331,CCCCCCCCCCCCCc1ccccc1
332,CCCCCCCCCCCCO,332,CCCCCCCCCCCCO
333,CCCCCCCCCCCc1ccccc1,333,CCCCCCCCCCCc1ccccc1
334,CCCCCCCCCO,334,CCCCCCCCCO
335,CCCCCCCCCc1ccccc1,335,CCCCCCCCCc1ccccc1
336,CCCCCCCCCc1ccccc1O,336,CCCCCCCCCc1ccccc1O
337,CCCCCCCCO,337,CCCCCCCCO
338,CCCCCCCCOC(=O)CCCCC(=O)OCCCCCCCC,338,CCCCCCCCOC(=O)CCCCC(=O)OCCCCCCCC
339,CCCCCCCCOC(=O)CCCCCCC,339,CCCCCCCCOC(=O)CCCCCCC
340,CCCCCCCCOC(C)=O,340,CCCCCCCCOC(C)=O
341,CCCCCCCCOC=O,341,CCCCCCCCOC=O
342,CCCCCCCCc1ccccc1,342,CCCCCCCCc1ccccc1
343,CCCCCCCO,343,CCCCCCCO
344,CCCCCCCOC(=O)c1ccccc1C(=O)OCCCCCCC,344,CCCCCCCOC(=O)c1ccccc1C(=O)OCCCCCCC
345,CCCCCCCOC(C)=O,345,CCCCCCCOC(C)=O
346,CCCCCCCS,346,CCCCCCCS
347,CCCCCCCc1ccccc1,347,CCCCCCCc1ccccc1
348,CCCCCCO,348,CCCCCCO
349,CCCCCCOC(=O)CCCCC(=O)OCCCCCC,349,CCCCCCOC(=O)CCCCC(=O)OCCCCCC
350,CCCCCCOC(=O)CCCCCCCCC(=O)OCCCCCC,350,CCCCCCOC(=O)CCCCCCCCC(=O)OCCCCCC
351,CCCCCCOC(=O)OCCCCCC,351,CCCCCCOC(=O)OCCCCCC
352,CCCCCCOC(C)=O,352,CCCCCCOC(C)=O
353,CCCCCCOCCO,353,CCCCCCOCCO
354,CCCCCCOCCOCCO,354,CCCCCCOCCOCCO
355,CCCCCCc1cccc2ccccc12,355,CCCCCCc1cccc2ccccc12
356,CCCCCCc1ccccc1,356,CCCCCCc1ccccc1
357,CCCCCCl,357,CCCCCCl
358,CCCCCNCCCCC,358,CCCCCNCCCCC
359,CCCCCOC,359,CCCCCOC
360,CCCCCOC(=O)CCCCCC(=O)OCCCCC,360,CCCCCOC(=O)CCCCCC(=O)OCCCCC
361,CCCCCOC(=O)c1ccccc1C(=O)OCCCCC,361,CCCCCOC(=O)c1ccccc1C(=O)OCCCCC
362,CCCCCOCCCCC,362,CCCCCOCCCCC
363,CCCCOC,363,CCCCOC
364,CCCCOC(=O)C=CC(=O)OCCCC,364,CCCCOC(=O)C=CC(=O)OCCCC
365,CCCCOC(=O)CC(CC(=O)OCCCC)C(=O)OCCCC,365,CCCCOC(=O)CC(CC(=O)OCCCC)C(=O)OCCCC
366,CCCCOC(C)COC(C)CO,366,CCCCOC(C)COC(C)CO
367,CCCCOC(C)OCCCC,367,CCCCOC(C)OCCCC
368,CCCCOC=O,368,CCCCOC=O
369,CCCCOCC,369,CCCCOCC
370,CCCCOCCCC,370,CCCCOCCCC
371,CCCCOCCOCCOCCO,371,CCCCOCCOCCOCCO
372,CCCCOP(=O)(OCCCC)OCCCC,372,CCCCOP(=O)(OCCCC)OCCCC
373,CCCCSCCCC,373,CCCCSCCCC
374,CCCCl,374,CCCCl
375,CCCNCC,375,CCCNCC
376,CCCNc1ccccc1,376,CCCNc1ccccc1
377,CCCO,377,CCCO
378,CCCOC(=O)CC,378,CCCOC(=O)CC
379,CCCOC(=O)CC(CC(=O)OCCC)C(=O)OCCC,379,CCCOC(=O)CC(CC(=O)OCCC)C(=O)OCCC
380,CCCOC(=O)Cl,380,CCCOC(=O)Cl
381,CCCOC(C)=O,381,CCCOC(C)=O
382,CCCOC=O,382,CCCOC=O
383,CCCOCC,383,CCCOCC
384,CCCOCCC,384,CCCOCCC
385,CCCOCCO,385,CCCOCCO
386,CCCOCCOCCO,386,CCCOCCOCCO
387,CCCO[Si](OCCC)(OCCC)OCCC,387,CCCO[Si](OCCC)(OCCC)OCCC
388,CCCOc1ccc(C)cc1,388,CCCOc1ccc(C)cc1
389,CCCOc1ccccc1,389,CCCOc1ccccc1
390,CCCSC(=O)Cl,390,CCCSC(=O)Cl
391,CCC[N+](=O)[O-],391,CCC[N+](=O)[O-]
392,CCCc1ccccc1,392,CCCc1ccccc1
393,CCN(C=O)CC,393,CCN(C=O)CC
394,CCN(CC)C(=O)c1cccc(C)c1,394,CCN(CC)C(=O)c1cccc(C)c1
395,CCN(CC)c1ccccc1,395,CCN(CC)c1ccccc1
396,CCO,396,CCO
397,CCOC(=O)/C=C/C(=O)OCC,397,CCOC(=O)/C=C/C(=O)OCC
398,CCOC(=O)/C=C/c1ccccc1,398,CCOC(=O)/C=C/c1ccccc1
399,CCOC(=O)C(C)(C)C(C)=O,399,CCOC(=O)C(C)(C)C(C)=O
400,CCOC(=O)C(C)C,400,CCOC(=O)C(C)C
401,CCOC(=O)C(C)O,401,CCOC(=O)C(C)O
402,CCOC(=O)C(CC)(CC)C(C)=O,402,CCOC(=O)C(CC)(CC)C(C)=O
403,CCOC(=O)C(CC)C(C)=O,403,CCOC(=O)C(CC)C(C)=O
404,CCOC(=O)C(Cl)(Cl)Cl,404,CCOC(=O)C(Cl)(Cl)Cl
405,CCOC(=O)C1(C(=O)OCC)CCC1,405,CCOC(=O)C1(C(=O)OCC)CCC1
406,CCOC(=O)C1CCC1,406,CCOC(=O)C1CCC1
407,CCOC(=O)CC,407,CCOC(=O)CC
408,CCOC(=O)CC(=O)OCC,408,CCOC(=O)CC(=O)OCC
409,CCOC(=O)CC(C)=O,409,CCOC(=O)CC(C)=O
410,CCOC(=O)CC(C)C,410,CCOC(=O)CC(C)C
411,CCOC(=O)CCC(=O)OCC,411,CCOC(=O)CCC(=O)OCC
412,CCOC(=O)CCCC(=O)OCC,412,CCOC(=O)CCCC(=O)OCC
413,CCOC(=O)CCCCC(=O)OCC,413,CCOC(=O)CCCCC(=O)OCC
414,CCOC(=O)CCCCCCC(=O)OCC,414,CCOC(=O)CCCCCCC(=O)OCC
415,CCOC(=O)CCCCCCCCC(=O)OCC,415,CCOC(=O)CCCCCCCCC(=O)OCC
416,CCOC(=O)CCc1ccccc1,416,CCOC(=O)CCc1ccccc1
417,CCOC(=O)CCl,417,CCOC(=O)CCl
418,CCOC(=O)Cc1ccccc1,418,CCOC(=O)Cc1ccccc1
419,CCOC(=O)OCC,419,CCOC(=O)OCC
420,CCOC(=O)c1ccccc1,420,CCOC(=O)c1ccccc1
421,CCOC(=O)c1ccccc1C(=O)OCC,421,CCOC(=O)c1ccccc1C(=O)OCC
422,CCOC(C)=O,422,CCOC(C)=O
423,CCOC(C)COC(C)CO,423,CCOC(C)COC(C)CO
424,CCOC=O,424,CCOC=O
425,CCOCC,425,CCOCC
426,CCOCC(C)C,426,CCOCC(C)C
427,CCOCC(C)OC(C)=O,427,CCOCC(C)OC(C)=O
428,CCOCCC(=O)OCC,428,CCOCCC(=O)OCC
429,CCOCCO,429,CCOCCO
430,CCOCCOC(C)=O,430,CCOCCOC(C)=O
431,CCOCCOCCO,431,CCOCCOCCO
432,CCOCCOCCOCC,432,CCOCCOCCOCC
433,CCOCCOCCOCCO,433,CCOCCOCCOCCO
434,CCOCOCC,434,CCOCOCC
435,CCOP(=O)(CC)OCC,435,CCOP(=O)(CC)OCC
436,CCOP(=O)(OCC)OCC,436,CCOP(=O)(OCC)OCC
437,CCOP(=S)(OCC)Oc1ccc([N+](=O)[O-])cc1,437,CCOP(=S)(OCC)Oc1ccc([N+](=O)[O-])cc1
438,CCOP(OCC)OCC,438,CCOP(OCC)OCC
439,CCOS(=O)(=O)OCC,439,CCOS(=O)(=O)OCC
440,CCO[Si](OCC)(OCC)OCC,440,CCO[Si](OCC)(OCC)OCC
441,CCOc1ccccc1,441,CCOc1ccccc1
442,CCSC,442,CCSC
443,CCSC#N,443,CCSC#N
444,CC[N+](=O)[O-],444,CC[N+](=O)[O-]
445,CC[SiH](CC)CC,445,CC[SiH](CC)CC
446,CC[Si](C)(O[Si](C)(C)C[Si](C)(C)C)O[Si](C)(CC)O[Si](C)(C)C[Si](C)(C)C,446,CC[Si](C)(O[Si](C)(C)C[Si](C)(C)C)O[Si](C)(CC)O[Si](C)(C)C[Si](C)(C)C
447,CC[Si](C)(O[Si](C)(C)C[Si](C)(C)C)O[Si](C)(CC)O[Si](C)(CC)O[Si](C)(C)C[Si](C)(C)C,447,CC[Si](C)(O[Si](C)(C)C[Si](C)(C)C)O[Si](C)(CC)O[Si](C)(CC)O[Si](C)(C)C[Si](C)(C)C
448,CC[Si](CC)(O[Si](C)(C)C)O[Si](C)(C)C,448,CC[Si](CC)(O[Si](C)(C)C)O[Si](C)(C)C
449,CC[Si](O[Si](C)(C)C)(O[Si](C)(C)C)O[Si](C)(C)C,449,CC[Si](O[Si](C)(C)C)(O[Si](C)(C)C)O[Si](C)(C)C
450,CCc1ccc(C)cc1,450,CCc1ccc(C)cc1
451,CCc1cccc(C)c1,451,CCc1cccc(C)c1
452,CCc1cccc(CC)c1N,452,CCc1cccc(CC)c1N
453,CCc1ccccc1C,453,CCc1ccccc1C
454,CCl,454,CCl
455,CN(C)C,455,CN(C)C
456,CN(C)C(=O)N(C)C,456,CN(C)C(=O)N(C)C
457,CN(C)N,457,CN(C)N
458,CN(C)c1cccc2ccccc12,458,CN(C)c1cccc2ccccc12
459,CN1CCCC1=O,459,CN1CCCC1=O
460,CNC,460,CNC
461,CNCCO,461,CNCCO
462,CNN,462,CNN
463,CNc1ccccc1,463,CNc1ccccc1
464,CNc1ccccc1C,464,CNc1ccccc1C
465,CO,465,CO
466,COC(=O)C(C)C,466,COC(=O)C(C)C
467,COC(=O)C(C)O,467,COC(=O)C(C)O
468,COC(=O)CC#N,468,COC(=O)CC#N
469,COC(=O)CC(=O)OC,469,COC(=O)CC(=O)OC
470,COC(=O)CC(C)C,470,COC(=O)CC(C)C
471,COC(=O)CCCCC(=O)OC,471,COC(=O)CCCCC(=O)OC
472,COC(=O)c1ccccc1,472,COC(=O)c1ccccc1
473,COC(=O)c1ccccc1O,473,COC(=O)c1ccccc1O
474,COC(C)=O,474,COC(C)=O
475,COC(C)COC(C)CO,475,COC(C)COC(C)CO
476,COC(C)COC(C)COC(C)CO,476,COC(C)COC(C)COC(C)CO
477,COC(N)=O,477,COC(N)=O
478,COCC(C)C,478,COCC(C)C
479,COCC(C)N(C(=O)CCl)c1c(C)csc1C,479,COCC(C)N(C(=O)CCl)c1c(C)csc1C
480,COCCO,480,COCCO
481,COCCOC,481,COCCOC
482,COCCOC(C)=O,482,COCCOC(C)=O
483,COCCOCCO,483,COCCOCCO
484,COCCOCCOC,484,COCCOCCOC
485,COCCOCCOCCO,485,COCCOCCOCCO
486,COCCOCCOCCOCCO,486,COCCOCCOCCOCCO
487,COCCOCCOCCOCCOC,487,COCCOCCOCCOCCOC
488,COCc1ccccc1,488,COCc1ccccc1
489,COP(OC)OC,489,COP(OC)OC
490,COS(=O)(=O)OC,490,COS(=O)(=O)OC
491,COc1cc(C)ccc1C(C)C,491,COc1cc(C)ccc1C(C)C
492,COc1ccc(C)cc1,492,COc1ccc(C)cc1
493,COc1ccc(C=O)cc1,493,COc1ccc(C=O)cc1
494,COc1ccc(O)cc1,494,COc1ccc(O)cc1
495,COc1ccc(OC)cc1,495,COc1ccc(OC)cc1
496,COc1cccc(C)c1,496,COc1cccc(C)c1
497,COc1ccccc1O,497,COc1ccccc1O
498,CSC,498,CSC
499,CSN1CCCC1=O,499,CSN1CCCC1=O
500,CSSC,500,CSSC
501,C[C@@H](O)c1ccccc1,501,C[C@@H](O)c1ccccc1
502,C[C@@H]1CCCC[C@@H]1C,502,C[C@@H]1CCCC[C@@H]1C
503,C[C@@H]1CCCC[C@H]1C,503,C[C@@H]1CCCC[C@H]1C
504,C[C@@H]1CCCC[C@H]1O,504,C[C@@H]1CCCC[C@H]1O
505,C[C@@H]1CCC[C@@H](C)C1,505,C[C@@H]1CCC[C@@H](C)C1
506,C[C@@H]1CCC[C@@H](O)C1,506,C[C@@H]1CCC[C@@H](O)C1
507,C[C@@H]1CCC[C@H](C)C1,507,C[C@@H]1CCC[C@H](C)C1
508,C[C@@H]1CCC[C@H](O)C1,508,C[C@@H]1CCC[C@H](O)C1
509,C[C@H]1CCCC[C@H]1O,509,C[C@H]1CCCC[C@H]1O
510,C[C@H]1CCC[C@@H](O)C1,510,C[C@H]1CCC[C@@H](O)C1
511,C[C@H]1CCC[C@H](O)C1,511,C[C@H]1CCC[C@H](O)C1
512,C[C@H]1CC[C@@H](C)CC1,512,C[C@H]1CC[C@@H](C)CC1
513,C[C@H]1CC[C@@H](O)CC1,513,C[C@H]1CC[C@@H](O)CC1
514,C[Si](C)(C)C,514,C[Si](C)(C)C
515,C[Si](C)(C)C[Si](C)(C)O[Si](C)(C)C,515,C[Si](C)(C)C[Si](C)(C)O[Si](C)(C)C
516,C[Si](C)(C)C[Si](C)(C)O[Si](C)(C)O[Si](C)(C)O[Si](C)(C)O[Si](C)(C)C[Si](C)(C)C,516,C[Si](C)(C)C[Si](C)(C)O[Si](C)(C)O[Si](C)(C)O[Si](C)(C)O[Si](C)(C)C[Si](C)(C)C
517,C[Si](C)(C)O[Si](C)(C)C,517,C[Si](C)(C)O[Si](C)(C)C
518,C[Si](C)(C)O[Si](C)(C)O[Si](C)(C)C,518,C[Si](C)(C)O[Si](C)(C)O[Si](C)(C)C
519,C[Si](C)(C)O[Si](C)(C)O[Si](C)(C)O[Si](C)(C)C,519,C[Si](C)(C)O[Si](C)(C)O[Si](C)(C)O[Si](C)(C)C
520,C[Si](C)(C)O[Si](C)(C)O[Si](C)(C)O[Si](C)(C)O[Si](C)(C)C,520,C[Si](C)(C)O[Si](C)(C)O[Si](C)(C)O[Si](C)(C)O[Si](C)(C)C
521,C[Si](C)(C)O[Si](C)(C)O[Si](C)(C)O[Si](C)(C)O[Si](C)(C)O[Si](C)(C)C,521,C[Si](C)(C)O[Si](C)(C)O[Si](C)(C)O[Si](C)(C)O[Si](C)(C)O[Si](C)(C)C
522,C[Si](C)(C)O[Si](C)(O[Si](C)(C)C)O[Si](C)(C)C,522,C[Si](C)(C)O[Si](C)(O[Si](C)(C)C)O[Si](C)(C)C
523,C[Si]1(C)O[Si](C)(C)O[Si](C)(C)O1,523,C[Si]1(C)O[Si](C)(C)O[Si](C)(C)O1
524,C[Si]1(C)O[Si](C)(C)O[Si](C)(C)O[Si](C)(C)O[Si](C)(C)O1,524,C[Si]1(C)O[Si](C)(C)O[Si](C)(C)O[Si](C)(C)O[Si](C)(C)O1
525,C[Si]1(C)O[Si](C)(C)O[Si](C)(C)O[Si](C)(C)O[Si](C)(C)O[Si](C)(C)O[Si](C)(C)O1,525,C[Si]1(C)O[Si](C)(C)O[Si](C)(C)O[Si](C)(C)O[Si](C)(C)O[Si](C)(C)O[Si](C)(C)O1
526,Cc1cc(C(C)(C)C)c(O)c(C(C)(C)C)c1,526,Cc1cc(C(C)(C)C)c(O)c(C(C)(C)C)c1
527,Cc1cc(C)cc(C)c1,527,Cc1cc(C)cc(C)c1
528,Cc1cc(C)nc(C)c1,528,Cc1cc(C)nc(C)c1
529,Cc1cc([N+](=O)[O-])cc([N+](=O)[O-])c1,529,Cc1cc([N+](=O)[O-])cc([N+](=O)[O-])c1
530,Cc1ccc(C)cc1,530,Cc1ccc(C)cc1
531,Cc1ccc(Cl)cc1,531,Cc1ccc(Cl)cc1
532,Cc1ccc(N(C)C)cc1,532,Cc1ccc(N(C)C)cc1
533,Cc1ccc(N)cc1,533,Cc1ccc(N)cc1
534,Cc1ccc(O)cc1,534,Cc1ccc(O)cc1
535,Cc1ccc(O)cc1C,535,Cc1ccc(O)cc1C
536,Cc1ccc([N+](=O)[O-])cc1,536,Cc1ccc([N+](=O)[O-])cc1
537,Cc1ccc([N+](=O)[O-])cc1[N+](=O)[O-],537,Cc1ccc([N+](=O)[O-])cc1[N+](=O)[O-]
538,Cc1cccc(C)c1,538,Cc1cccc(C)c1
539,Cc1cccc(C)c1C,539,Cc1cccc(C)c1C
540,Cc1cccc(C)n1,540,Cc1cccc(C)n1
541,Cc1cccc(N)c1,541,Cc1cccc(N)c1
542,Cc1ccccc1,542,Cc1ccccc1
543,Cc1ccccc1C,543,Cc1ccccc1C
544,Cc1ccccc1C(C)C,544,Cc1ccccc1C(C)C
545,Cc1ccccc1Cl,545,Cc1ccccc1Cl
546,Cc1ccccc1F,546,Cc1ccccc1F
547,Cc1ccccc1N,547,Cc1ccccc1N
548,Cc1ccccc1N(C)C,548,Cc1ccccc1N(C)C
549,Cc1ccccc1OP(=O)(Oc1ccccc1C)Oc1ccccc1C,549,Cc1ccccc1OP(=O)(Oc1ccccc1C)Oc1ccccc1C
550,Cc1ccccn1,550,Cc1ccccn1
551,Cc1cccnc1,551,Cc1cccnc1
552,Cc1ccncc1,552,Cc1ccncc1
553,ClC(Cl)(Cl)Br,553,ClC(Cl)(Cl)Br
554,ClC(Cl)(Cl)C(Cl)(Cl)Cl,554,ClC(Cl)(Cl)C(Cl)(Cl)Cl
555,ClC(Cl)(Cl)Cl,555,ClC(Cl)(Cl)Cl
556,ClC(Cl)=C(Cl)C(Cl)=C(Cl)Cl,556,ClC(Cl)=C(Cl)C(Cl)=C(Cl)Cl
557,ClC(Cl)=C(Cl)Cl,557,ClC(Cl)=C(Cl)Cl
558,ClC(Cl)C(Cl)(Cl)Cl,558,ClC(Cl)C(Cl)(Cl)Cl
559,ClC(Cl)C(Cl)Cl,559,ClC(Cl)C(Cl)Cl
560,ClC(Cl)Cl,560,ClC(Cl)Cl
561,ClC=CCl,561,ClC=CCl
562,ClCC(Cl)(Cl)Cl,562,ClCC(Cl)(Cl)Cl
563,ClCC(Cl)CCl,563,ClCC(Cl)CCl
564,ClCCCCl,564,ClCCCCl
565,ClCCCl,565,ClCCCl
566,ClCCc1ccccc1,566,ClCCc1ccccc1
567,ClCl,567,ClCl
568,ClSCl,568,ClSCl
569,Cl[SiH](Cl)Cl,569,Cl[SiH](Cl)Cl
570,Clc1ccc(Cl)c(Cl)c1,570,Clc1ccc(Cl)c(Cl)c1
571,Clc1ccc(Cl)cc1,571,Clc1ccc(Cl)cc1
572,Clc1cccc2ccccc12,572,Clc1cccc2ccccc12
573,FC(Cl)(Cl)C(F)(Cl)Cl,573,FC(Cl)(Cl)C(F)(Cl)Cl
574,FC(Cl)(Cl)Cl,574,FC(Cl)(Cl)Cl
575,FC(Cl)C(F)(F)F,575,FC(Cl)C(F)(F)F
576,FC(F)(Br)C(F)(F)Br,576,FC(F)(Br)C(F)(F)Br
577,FC(F)(Cl)C(Cl)(Cl)Cl,577,FC(F)(Cl)C(Cl)(Cl)Cl
578,FC(F)(Cl)Cl,578,FC(F)(Cl)Cl
579,FC(F)(F)C(Cl)(Cl)Cl,579,FC(F)(F)C(Cl)(Cl)Cl
580,FC(F)(F)C(F)(F)C(F)(F)C(F)(F)C(F)(F)C(F)(F)C(F)(F)F,580,FC(F)(F)C(F)(F)C(F)(F)C(F)(F)C(F)(F)C(F)(F)C(F)(F)F
581,FC(F)(F)C(F)(F)C(F)(F)C(F)(F)C(F)(F)C(F)(F)F,581,FC(F)(F)C(F)(F)C(F)(F)C(F)(F)C(F)(F)C(F)(F)F
582,FC(F)(F)C1(F)C(F)(F)C(F)(F)C(F)(F)C(F)(F)C1(F)F,582,FC(F)(F)C1(F)C(F)(F)C(F)(F)C(F)(F)C(F)(F)C1(F)F
583,FC1(F)C(F)(F)C(F)(F)C2(F)C(F)(F)C(F)(F)C(F)(F)C(F)(F)C2(F)C1(F)F,583,FC1(F)C(F)(F)C(F)(F)C2(F)C(F)(F)C(F)(F)C(F)(F)C(F)(F)C2(F)C1(F)F
584,FS(F)(F)(F)(F)F,584,FS(F)(F)(F)(F)F
585,ICI,585,ICI
586,II,586,II
587,N,587,N
588,N#CCCC#N,588,N#CCCC#N
589,N#CCCCCC#N,589,N#CCCCCC#N
590,N#CCc1ccccc1,590,N#CCc1ccccc1
591,N#CSc1ccccc1,591,N#CSc1ccccc1
592,N#Cc1ccccc1,592,N#Cc1ccccc1
593,NC(=O)Cc1ccccc1,593,NC(=O)Cc1ccccc1
594,NC(=O)OCCO,594,NC(=O)OCCO
595,NC(CO)C(O)c1ccc([N+](=O)[O-])cc1,595,NC(CO)C(O)c1ccc([N+](=O)[O-])cc1
596,NC(N)=O,596,NC(N)=O
597,NC=O,597,NC=O
598,NCCCc1ccccc1,598,NCCCc1ccccc1
599,NCCN,599,NCCN
600,Nc1ccc(Nc2ccccc2)cc1,600,Nc1ccc(Nc2ccccc2)cc1
601,Nc1cccc2ccccc12,601,Nc1cccc2ccccc12
602,O=C(O)C(F)(F)F,602,O=C(O)C(F)(F)F
603,O=C(O)C1CCCCC1,603,O=C(O)C1CCCCC1
604,O=C(O)CC(O)C(=O)O,604,O=C(O)CC(O)C(=O)O
605,O=C(O)CCl,605,O=C(O)CCl
606,O=C(O)CN(CCN(CC(=O)O)CC(=O)O)CCN(CC(=O)O)C(COCc1ccccc1)C(=O)O,606,O=C(O)CN(CCN(CC(=O)O)CC(=O)O)CCN(CC(=O)O)C(COCc1ccccc1)C(=O)O
607,O=C(O)CS,607,O=C(O)CS
608,O=C(O)Cc1ccccc1,608,O=C(O)Cc1ccccc1
609,O=C(O)c1ccccc1,609,O=C(O)c1ccccc1
610,O=C(OCC1CCCO1)C(F)(F)F,610,O=C(OCC1CCCO1)C(F)(F)F
611,O=C(OCc1ccccc1)c1ccccc1,611,O=C(OCc1ccccc1)c1ccccc1
612,O=C(c1ccccc1)c1ccccc1,612,O=C(c1ccccc1)c1ccccc1
613,O=C1C=CC(=O)O1,613,O=C1C=CC(=O)O1
614,O=C1CCCCC1,614,O=C1CCCCC1
615,O=C1CCCCCN1,615,O=C1CCCCCN1
616,O=C1CCCN1,616,O=C1CCCN1
617,O=C1CCCO1,617,O=C1CCCO1
618,O=CC(Br)(Br)Br,618,O=CC(Br)(Br)Br
619,O=CC(Cl)(Cl)Cl,619,O=CC(Cl)(Cl)Cl
620,O=CC=Cc1ccccc1,620,O=CC=Cc1ccccc1
621,O=CNc1ccccc1,621,O=CNc1ccccc1
622,O=CO,622,O=CO
623,O=Cc1ccc(O)cc1,623,O=Cc1ccc(O)cc1
624,O=Cc1ccccc1,624,O=Cc1ccccc1
625,O=Cc1ccccc1O,625,O=Cc1ccccc1O
626,O=NCl,626,O=NCl
627,O=S(=O)(Cl)Cl,627,O=S(=O)(Cl)Cl
628,O=S(=O)(O)O,628,O=S(=O)(O)O
629,O=S1(=O)CCCC1,629,O=S1(=O)CCCC1
630,O=[N+]([O-])C([N+](=O)[O-])([N+](=O)[O-])[N+](=O)[O-],630,O=[N+]([O-])C([N+](=O)[O-])([N+](=O)[O-])[N+](=O)[O-]
631,O=[N+]([O-])O,631,O=[N+]([O-])O
632,O=[N+]([O-])[N+](=O)[O-],632,O=[N+]([O-])[N+](=O)[O-]
633,O=[N+]([O-])c1cccc(C(F)(F)F)c1,633,O=[N+]([O-])c1cccc(C(F)(F)F)c1
634,O=[N+]([O-])c1ccccc1,634,O=[N+]([O-])c1ccccc1
635,O=[N+]([O-])c1ccccc1Cl,635,O=[N+]([O-])c1ccccc1Cl
636,O=[N+]([O-])c1ccccc1O,636,O=[N+]([O-])c1ccccc1O
637,OC(F)(C(F)F)C(F)(F)F,637,OC(F)(C(F)F)C(F)(F)F
638,OC(O)C(Br)(Br)Br,638,OC(O)C(Br)(Br)Br
639,OC1CCCC1,639,OC1CCCC1
640,OC1CCCCC1,640,OC1CCCCC1
641,OCC(F)(F)F,641,OCC(F)(F)F
642,OCC(O)CO,642,OCC(O)CO
643,OCC1CCCCO1,643,OCC1CCCCO1
644,OCCCCCCCCCCO,644,OCCCCCCCCCCO
645,OCCCO,645,OCCCO
646,OCCCl,646,OCCCl
647,OCCO,647,OCCO
648,OCCOCCOCCOCCO,648,OCCOCCOCCOCCO
649,OCCc1ccccc1,649,OCCc1ccccc1
650,OCc1ccccc1,650,OCc1ccccc1
651,OCc1ccco1,651,OCc1ccco1
652,Oc1cccc(Cl)c1,652,Oc1cccc(Cl)c1
653,Oc1ccccc1,653,Oc1ccccc1
654,S=C=NC1CC1,654,S=C=NC1CC1
655,c1cc[nH]c1,655,c1cc[nH]c1
656,c1ccc(C(c2ccccc2)c2ccccc2)cc1,656,c1ccc(C(c2ccccc2)c2ccccc2)cc1
657,c1ccc(CCc2ccccc2)cc1,657,c1ccc(CCc2ccccc2)cc1
658,c1ccc(CN(Cc2ccccc2)Cc2ccccc2)cc1,658,c1ccc(CN(Cc2ccccc2)Cc2ccccc2)cc1
659,c1ccc(CNCc2ccccc2)cc1,659,c1ccc(CNCc2ccccc2)cc1
660,c1ccc(CNc2ccccc2)cc1,660,c1ccc(CNc2ccccc2)cc1
661,c1ccc(N(c2ccccc2)c2ccccc2)cc1,661,c1ccc(N(c2ccccc2)c2ccccc2)cc1
662,c1ccc(Nc2ccccc2)cc1,662,c1ccc(Nc2ccccc2)cc1
663,c1ccc(OP(Oc2ccccc2)Oc2ccccc2)cc1,663,c1ccc(OP(Oc2ccccc2)Oc2ccccc2)cc1
664,c1ccc(P(c2ccccc2)c2ccccc2)cc1,664,c1ccc(P(c2ccccc2)c2ccccc2)cc1
665,c1ccc2c(c1)CCC2,665,c1ccc2c(c1)CCC2
666,c1ccc2c(c1)CCCC2,666,c1ccc2c(c1)CCCC2
667,c1ccc2c(c1)CCCN2,667,c1ccc2c(c1)CCCN2
668,c1ccc2c(c1)ccc1ccccc12,668,c1ccc2c(c1)ccc1ccccc12
669,c1ccc2ccccc2c1,669,c1ccc2ccccc2c1
670,c1ccc2cnccc2c1,670,c1ccc2cnccc2c1
671,c1ccccc1,671,c1ccccc1
672,c1ccncc1,672,c1ccncc1
673,c1ccoc1,673,c1ccoc1
674,c1ccsc1,674,c1ccsc1
675,c1cncnc1,675,c1cncnc1
